﻿{
  "AESEncryptionKey": "123",
  "HttpSettings": {
    "DisplayRawJson": false,
    "HttpTimeOut": 0,
    "HttpAllowAutoRedirect": false,
    "IOSHttpHandler": "ModernHttpClient",
    "AndroidHttpHandler": "ModernHttpClient"
  },
  "SqliteSettings": {
    "SQLiteDatabase": "app.db3"
  },
  "MobileAppCenter": {
    "IOSAppId": "",
    "AndroidAppId": "",
    "UWPAppId": ""
  },
  "WebApi": {
    "customName": "https://someurl.com",
    "customName2": "https://someurl2.com"
  },
  "CustomSettings": {
    "CustomName": "somevalue",
    "customName2": "somevalue2"
  }
}